STAND, POSX, POSY, POSZ, POL, DELAY
173, -25.149, 22.994, 0.909, 0, 4.68267144385e-07
173, -25.149, 22.994, 0.909, 1, 4.7544986654e-07
151, -25.058, 47.762, 0.135, 0, 4.12278177772e-07
151, -25.058, 47.762, 0.135, 1, 4.06987342322e-07
222, -38.937, 14.198, 1.27, 0, 5.26053302628e-07
222, -38.937, 14.198, 1.27, 1, 5.23974040562e-07
150, 24.62, 46.137, -0.129, 0, 2.84991879067e-07
150, 24.62, 46.137, -0.129, 1, 2.84852858638e-07
203, -32.628, 32.437, 0.567, 0, 4.62938027947e-07
203, -32.628, 32.437, 0.567, 1, 4.57346988962e-07
258, 338.911, 19.778, 1.67, 0, 1.22721207808e-06
258, 338.911, 19.778, 1.67, 1, 1.24587790259e-06
35, 241.373, -58.617, 2.882, 0, 9.9349955765e-07
35, 241.373, -58.617, 2.882, 1, 9.98992498991e-07
108, 13.358, 7.672, 1.216, 0, 2.83863597325e-07
108, 13.358, 7.672, 1.216, 1, 3.0695509203e-07
99, -14.845, -21.896, 2.209, 0, 4.63276512469e-07
99, -14.845, -21.896, 2.209, 1, 4.63506198395e-07
97, -17.441, -26.162, 2.377, 0, 4.99107516904e-07
97, -17.441, -26.162, 2.377, 1, 4.9985097398e-07
8, 0.386, -10.796, 1.817, 0, 4.09203610028e-07
8, 0.386, -10.796, 1.817, 1, 4.07188821204e-07
168, 24.262, 8.614, 1.177, 0, 2.87288738325e-07
168, 24.262, 8.614, 1.177, 1, 2.85314245278e-07
129, -21.645, -21.14, 2.257, 0, 4.87431815673e-07
129, -21.645, -21.14, 2.257, 1, 4.82157098533e-07
155, -27.056, -30.533, 2.403, 0, 5.23974040562e-07
155, -27.056, -30.533, 2.403, 1, 5.23714132804e-07
32, 4.505, -13.821, 1.962, 0, 4.27336709438e-07
32, 4.505, -13.821, 1.962, 1, 4.26913603785e-07
69, -11.091, -13.709, 2.005, 0, 4.30765880015e-07
69, -11.091, -13.709, 2.005, 1, 4.32047285707e-07
101, -15.178, -16.874, 2.119, 0, 4.60578710235e-07
101, -15.178, -16.874, 2.119, 1, 4.56480629768e-07
185, -31.386, -25.415, 2.307, 0, 5.34563770618e-07
185, -31.386, -25.415, 2.307, 1, 5.34297818493e-07
142, 18.517, 15.186, 1.01, 0, 2.63953454173e-07
142, 18.517, 15.186, 1.01, 1, 2.60729792055e-07
7, 0.047, -16.578, 2.02, 0, 4.25855839653e-07
7, 0.047, -16.578, 2.02, 1, 4.27125156612e-07
242, -40.579, 20.175, 1.05, 0, 5.14274847167e-07
242, -40.579, 20.175, 1.05, 1, 5.11756361137e-07
85, -8.671, 34.357, 0.385, 0, 3.64011896719e-07
85, -8.671, 34.357, 0.385, 1, 3.63653264309e-07
205, -35.119, 39.387, 0.354, 0, 4.77825302563e-07
205, -35.119, 39.387, 0.354, 1, 4.7546799964e-07
87, -10.996, 41.927, 0.181, 0, 3.86063760391e-07
87, -10.996, 41.927, 0.181, 1, 3.85489545576e-07
197, -33.489, 13.103, 1.322, 0, 5.34737042457e-07
197, -33.489, 13.103, 1.322, 1, 5.32361606434e-07
17, -1.444, 42.261, 0.163, 0, 3.11607239423e-07
17, -1.444, 42.261, 0.163, 1, 3.11147867572e-07
259, 405.278, 167.84, -1.462, 0, 1.82117692784e-06
259, 405.278, 167.84, -1.462, 1, 1.81536183548e-06
121, -18.961, 44.288, 0.092, 0, 3.96772362987e-07
121, -18.961, 44.288, 0.092, 1, 3.90333097908e-07
199, -32.462, 18.038, 1.211, 0, 5.19912226294e-07
199, -32.462, 18.038, 1.211, 1, 5.17849082539e-07
16, 2.643, 35.45, 0.284, 0, 3.14000808545e-07
16, 2.643, 35.45, 0.284, 1, 3.14311086024e-07
161, -24.456, -17.033, 2.087, 0, 4.99603154955e-07
161, -24.456, -17.033, 2.087, 1, 5.02081345208e-07
159, -26.421, -23.003, 2.331, 0, 5.16873924749e-07
159, -26.421, -23.003, 2.331, 1, 5.16618046568e-07
170, 25.142, 14.432, 0.975, 0, 2.86412305187e-07
170, 25.142, 14.432, 0.975, 1, 2.65065617603e-07
33, -4.929, -14.887, 1.995, 0, 4.15254020864e-07
33, -4.929, -14.887, 1.995, 1, 4.17329253352e-07
131, -19.84, -14.932, 2.07, 0, 4.81196044264e-07
131, -19.84, -14.932, 2.07, 1, 4.79769573778e-07
63, -14.792, -30.479, 2.474, 0, 5.18665072013e-07
63, -14.792, -30.479, 2.474, 1, 5.13803386582e-07
74, 6.613, 6.787, 1.312, 0, 3.59132078189e-07
74, 6.613, 6.787, 1.312, 1, 3.39499975894e-07
37, -7.935, -5.207, 1.738, 0, 4.10039747389e-07
37, -7.935, -5.207, 1.738, 1, 4.02917468899e-07
76, 9.266, 10.992, 1.097, 0, 3.03556143285e-07
76, 9.266, 10.992, 1.097, 1, 3.00872444572e-07
67, -10.507, -18.68, 2.14, 0, 4.64676790702e-07
67, -10.507, -18.68, 2.14, 1, 4.57163643179e-07
179, -30.18, 40.293, 0.327, 0, 4.60806381372e-07
179, -30.18, 40.293, 0.327, 1, 4.59212683413e-07
224, -35.601, 22.362, 0.961, 0, 4.99107516904e-07
224, -35.601, 22.362, 0.961, 1, 5.01090069107e-07
120, 17.366, 47.853, -0.084, 0, 2.57453745429e-07
120, 17.366, 47.853, -0.084, 1, 2.56704243986e-07
45, -7.739, 21.112, 0.829, 0, 3.95754894632e-07
45, -7.739, 21.112, 0.829, 1, 3.96341198179e-07
19, -2.476, 53.401, 0.058, 0, 3.08028974473e-07
19, -2.476, 53.401, 0.058, 1, 3.0281067142e-07
256, -47.094, 18.685, 1.081, 0, 5.35264917129e-07
256, -47.094, 18.685, 1.081, 1, 5.32361606434e-07
244, -39.793, 25.152, 0.94, 0, 5.03697205844e-07
244, -39.793, 25.152, 0.94, 1, 5.03697205844e-07
49, -4.715, 31.308, 0.406, 0, 3.56007140724e-07
49, -4.715, 31.308, 0.406, 1, 3.53728414565e-07
175, -26.497, 28.278, 0.737, 0, 4.49680717489e-07
175, -26.497, 28.278, 0.737, 1, 4.44804928537e-07
119, -15.968, 38.293, 0.311, 0, 3.83958306071e-07
119, -15.968, 38.293, 0.311, 1, 3.82809876441e-07
10, 1.887, 0.875, 1.536, 0, 3.49662570719e-07
10, 1.887, 0.875, 1.536, 1, 3.51741832785e-07
103, -16.177, -11.568, 1.998, 0, 4.54216007131e-07
103, -16.177, -11.568, 1.998, 1, 4.50414100621e-07
110, 13.775, 13.474, 1.026, 0, 2.83879715636e-07
110, 13.775, 13.474, 1.026, 1, 2.84157756494e-07
65, -10.112, -23.69, 2.258, 0, 4.71404170583e-07
65, -10.112, -23.69, 2.258, 1, 4.71404170583e-07
106, 13.427, 2.68, 1.405, 0, 3.55207269561e-07
106, 13.427, 2.68, 1.405, 1, 3.5104874543e-07
71, -11.53, -8.714, 1.814, 0, 4.27125156612e-07
71, -11.53, -8.714, 1.814, 1, 4.27548262264e-07
140, 19.485, 10.0, 1.145, 0, 2.80313539419e-07
140, 19.485, 10.0, 1.145, 1, 2.77984443539e-07
31, -3.856, -21.789, 2.183, 0, 4.88384810786e-07
31, -3.856, -21.789, 2.183, 1, 4.91286106692e-07
104, 15.712, -5.347, 1.656, 0, 3.50905695423e-07
104, 15.712, -5.347, 1.656, 1, 3.44911698674e-07
29, -6.762, -27.368, 2.394, 0, 4.83116138013e-07
29, -6.762, -27.368, 2.394, 1, 4.82396858403e-07
202, 33.327, 35.012, 0.184, 0, 1.83950219574e-07
202, 33.327, 35.012, 0.184, 1, 1.81822602577e-07
191, -34.995, -6.982, 1.812, 0, 5.51584706598e-07
191, -34.995, -6.982, 1.812, 1, 5.50762672758e-07
51, -5.881, 38.483, 0.299, 0, 4.11260709416e-07
51, -5.881, 38.483, 0.299, 1, 4.05155899281e-07
254, -47.373, 13.705, 1.345, 0, 5.45093057009e-07
254, -47.373, 13.705, 1.345, 1, 5.41583294879e-07
88, 13.665, 51.406, -0.077, 0, 2.33935115493e-07
88, 13.665, 51.406, -0.077, 1, 2.33131214753e-07
83, -10.945, 29.392, 0.542, 0, 3.71641901993e-07
83, -10.945, 29.392, 0.542, 1, 3.69441752598e-07
226, -35.852, 28.44, 0.763, 0, 4.82388799248e-07
226, -35.852, 28.44, 0.763, 1, 4.78415635688e-07
240, -43.194, 10.904, 1.395, 0, 5.52922526377e-07
240, -43.194, 10.904, 1.395, 1, 5.50492691056e-07
54, 5.269, 54.707, -0.031, 0, 2.61245577994e-07
54, 5.269, 54.707, -0.031, 1, 2.61761363933e-07
81, -12.771, 24.871, 0.653, 0, 3.83704442679e-07
81, -12.771, 24.871, 0.653, 1, 3.81621151036e-07
95, -16.275, -36.134, 2.644, 0, 5.36425435491e-07
95, -16.275, -36.134, 2.644, 1, 5.35361626992e-07
177, -27.757, 33.677, 0.54, 0, 4.36338785901e-07
177, -27.757, 33.677, 0.54, 1, 4.36985533113e-07
162, 25.519, -11.556, 1.848, 0, 3.57234147117e-07
162, 25.519, -11.556, 1.848, 1, 3.56357713979e-07
5, -3.176, -31.597, 2.503, 0, 4.76646651101e-07
5, -3.176, -31.597, 2.503, 1, 4.77118111686e-07
59, -9.738, -45.061, 2.892, 0, 5.46712947223e-07
59, -9.738, -45.061, 2.892, 1, 5.41583294879e-07
147, -21.761, 31.566, 0.6, 0, 4.40851912865e-07
147, -21.761, 31.566, 0.6, 1, 4.41069510058e-07
190, 29.095, -5.376, 1.619, 0, 3.57085052745e-07
190, 29.095, -5.376, 1.619, 1, 3.55843942829e-07
166, 25.451, 3.755, 1.348, 0, 2.94191404834e-07
166, 25.451, 3.755, 1.348, 1, 2.94771664015e-07
61, -10.361, -39.94, 2.641, 0, 5.28297777377e-07
61, -10.361, -39.94, 2.641, 1, 5.26988164642e-07
201, -30.597, 25.631, 0.883, 0, 4.64195256173e-07
201, -30.597, 25.631, 0.883, 1, 4.62817140618e-07
125, -22.331, -36.527, 2.677, 0, 5.66961574898e-07
125, -22.331, -36.527, 2.677, 1, 5.66679504463e-07
225, 37.37, 30.007, 0.44, 0, 1.90599022691e-07
225, 37.37, 30.007, 0.44, 1, 1.77257091103e-07
210, -35.504, -22.66, 2.285, 0, 5.62817154288e-07
210, -35.504, -22.66, 2.285, 1, 5.51776111536e-07
80, 10.741, 23.116, 0.714, 0, 3.20907504632e-07
80, 10.741, 23.116, 0.714, 1, 3.19178815822e-07
157, -22.802, -26.433, 2.369, 0, 5.09268096941e-07
157, -22.802, -26.433, 2.369, 1, 5.09020277915e-07
174, 26.906, 26.732, 0.474, 0, 2.21229857173e-07
174, 26.906, 26.732, 0.474, 1, 2.18249984503e-07
228, -40.542, -22.447, 2.282, 0, 5.70064349686e-07
228, -40.542, -22.447, 2.282, 1, 5.65833293157e-07
15, 1.768, 29.751, 0.511, 0, 3.30425367034e-07
15, 1.768, 29.751, 0.511, 1, 3.30425367034e-07
127, -19.651, -32.303, 2.562, 0, 5.2634141743e-07
127, -19.651, -32.303, 2.562, 1, 5.23015001082e-07
153, -28.816, -37.441, 2.704, 0, 5.59257022437e-07
153, -28.816, -37.441, 2.704, 1, 5.59531033717e-07
134, 21.946, -7.931, 1.749, 0, 3.39973451268e-07
134, 21.946, -7.931, 1.749, 1, 3.39304541378e-07
138, 19.74, 3.627, 1.314, 0, 3.14931640982e-07
138, 19.74, 3.627, 1.314, 1, 3.14155947285e-07
93, -17.631, -40.957, 2.712, 0, 5.40221297634e-07
93, -17.631, -40.957, 2.712, 1, 5.36737727758e-07
145, -21.605, 26.403, 0.806, 0, 4.65573371728e-07
145, -21.605, 26.403, 0.806, 1, 4.64424942099e-07
164, 24.916, -2.778, 1.555, 0, 3.41311271046e-07
164, 24.916, -2.778, 1.555, 1, 3.39638996323e-07
100, 16.662, -14.851, 1.983, 0, 3.75125471869e-07
100, 16.662, -14.851, 1.983, 1, 3.69991789947e-07
26, 4.203, -32.959, 2.552, 0, 5.03415135409e-07
26, 4.203, -32.959, 2.552, 1, 5.06662974992e-07
55, -7.524, 53.539, -0.047, 0, 3.21221811688e-07
55, -7.524, 53.539, -0.047, 1, 3.18864508765e-07
68, 9.074, -11.835, 1.859, 0, 3.83136272231e-07
68, 9.074, -11.835, 1.859, 1, 3.81431760886e-07
132, 21.78, -14.856, 1.955, 0, 3.67739256043e-07
132, 21.78, -14.856, 1.955, 1, 3.66651270078e-07
187, -29.403, -17.674, 2.138, 0, 5.23845094078e-07
187, -29.403, -17.674, 2.138, 1, 5.23845094078e-07
112, 15.708, 22.027, 0.745, 0, 3.39512064627e-07
112, 15.708, 22.027, 0.745, 1, 3.35546960223e-07
123, -25.67, -43.331, 2.794, 0, 5.72200025839e-07
123, -25.67, -43.331, 2.794, 1, 5.72200025839e-07
172, 29.113, 22.236, 0.739, 0, 2.1844340423e-07
172, 29.113, 22.236, 0.739, 1, 2.17395714042e-07
214, -37.205, -12.673, 1.98, 0, 5.49160915643e-07
214, -37.205, -12.673, 1.98, 1, 5.47256940205e-07
148, 22.412, 35.842, 0.151, 0, 2.73531760239e-07
148, 22.412, 35.842, 0.151, 1, 2.78584850608e-07
208, -39.699, -29.825, 2.455, 0, 5.85749480676e-07
208, -39.699, -29.825, 2.455, 1, 5.85749480676e-07
176, 29.087, 31.171, 0.302, 0, 2.08329164337e-07
176, 29.087, 31.171, 0.302, 1, 1.91378745966e-07
212, -35.087, -17.617, 2.152, 0, 5.38881463067e-07
212, -35.087, -17.617, 2.152, 1, 5.34861959364e-07
14, -0.218, 25.201, 0.683, 0, 3.28843757807e-07
14, -0.218, 25.201, 0.683, 1, 3.29659747281e-07
25, -3.054, -36.569, 2.66, 0, 4.99965816943e-07
25, -3.054, -36.569, 2.66, 1, 4.98490991524e-07
89, -15.599, 52.298, -0.079, 0, 3.5243492014e-07
89, -15.599, 52.298, -0.079, 1, 3.51568560946e-07
192, 30.901, -0.666, 1.549, 0, 2.97818024716e-07
192, 30.901, -0.666, 1.549, 1, 2.95496987992e-07
102, 13.97, -10.716, 1.842, 0, 3.6472916154e-07
102, 13.97, -10.716, 1.842, 1, 3.60604888819e-07
4, 1.604, -39.395, 2.707, 0, 5.15342685243e-07
4, 1.604, -39.395, 2.707, 1, 5.11788597759e-07
149, -20.809, 36.612, 0.39, 0, 4.03715325273e-07
149, -20.809, 36.612, 0.39, 1, 4.04513181647e-07
194, 29.695, 6.443, 1.238, 0, 2.74841372974e-07
194, 29.695, 6.443, 1.238, 1, 2.7322148276e-07
136, 19.897, -2.647, 1.55, 0, 3.31944517806e-07
136, 19.897, -2.647, 1.55, 1, 3.26885383071e-07
27, -8.155, -32.186, 2.532, 0, 4.85483514881e-07
27, -8.155, -32.186, 2.532, 1, 4.88626585445e-07
91, -16.106, -46.721, 2.961, 0, 5.66129467114e-07
91, -16.106, -46.721, 2.961, 1, 5.50395981192e-07
183, -33.813, -32.414, 2.483, 0, 5.63752016302e-07
183, -33.813, -32.414, 2.483, 1, 5.63191905009e-07
200, 33.023, 27.1, 0.48, 0, 1.90457987474e-07
200, 33.023, 27.1, 0.48, 1, 1.89901905758e-07
189, -31.532, -11.586, 2.035, 0, 5.35000979793e-07
189, -31.532, -11.586, 2.035, 1, 5.31833731762e-07
118, 15.412, 40.551, 0.147, 0, 2.76461263188e-07
118, 15.412, 40.551, 0.147, 1, 2.7551632723e-07
206, -36.649, -36.472, 2.667, 0, 5.74420323122e-07
206, -36.649, -36.472, 2.667, 1, 5.70443129985e-07
178, 29.309, 37.954, 0.012, 0, 2.06918812161e-07
178, 29.309, 37.954, 0.012, 1, 2.05911417749e-07
230, -41.573, -17.393, 2.115, 0, 5.65992461474e-07
230, -41.573, -17.393, 2.115, 1, 5.61791626777e-07
46, 4.926, 25.539, 0.706, 0, 3.10075999918e-07
46, 4.926, 25.539, 0.706, 1, 3.09157256214e-07
181, -32.816, -41.843, 2.752, 0, 5.71579470881e-07
181, -32.816, -41.843, 2.752, 1, 5.69306789088e-07
204, 33.893, 39.949, -0.006, 0, 2.00805942871e-07
204, 33.893, 39.949, -0.006, 1, 1.99719971695e-07
30, 5.986, -21.063, 2.167, 0, 4.88151095283e-07
30, 5.986, -21.063, 2.167, 1, 4.83835417623e-07
23, -6.881, -49.085, 3.046, 0, 5.55640476499e-07
23, -6.881, -49.085, 3.046, 1, 5.54260346155e-07
92, 14.62, -42.065, 2.837, 0, 5.15088821851e-07
92, 14.62, -42.065, 2.837, 1, 5.08488373666e-07
223, 36.721, 20.53, 0.764, 0, 2.3496870216e-07
223, 36.721, 20.53, 0.764, 1, 2.34049958456e-07
260, 167.559, 295.101, -5.692, 0, 1.22300176821e-06
260, 167.559, 295.101, -5.692, 1, 1.22300176821e-06
198, 31.936, 16.216, 0.928, 0, 2.32224559782e-07
198, 31.936, 16.216, 0.928, 1, 2.5289629311e-07
143, -20.876, 18.723, 1.056, 0, 4.31620150477e-07
143, -20.876, 18.723, 1.056, 1, 4.30979447631e-07
195, -29.187, 8.463, 1.476, 0, 4.83835417623e-07
195, -29.187, 8.463, 1.476, 1, 4.85993256453e-07
248, -49.222, -7.222, 1.913, 0, 5.95390245196e-07
248, -49.222, -7.222, 1.913, 1, 5.86041625055e-07
48, 6.988, 30.12, 0.45, 0, 2.9253726321e-07
48, 6.988, 30.12, 0.45, 1, 2.90963713139e-07
111, -16.685, 15.504, 1.131, 0, 4.27336709438e-07
111, -16.685, 15.504, 1.131, 1, 4.28182920744e-07
169, -26.024, 12.446, 1.385, 0, 4.9176965601e-07
169, -26.024, 12.446, 1.385, 1, 4.88143036127e-07
250, -48.592, -2.249, 1.717, 0, 5.94513812058e-07
250, -48.592, -2.249, 1.717, 1, 5.95682389575e-07
114, 16.652, 28.583, 0.485, 0, 2.7526044905e-07
114, 16.652, 28.583, 0.485, 1, 2.75792353299e-07
171, -26.5, 17.386, 1.151, 0, 4.52426874656e-07
171, -26.5, 17.386, 1.151, 1, 4.53097799334e-07
167, -25.552, 2.857, 1.571, 0, 4.94803927978e-07
167, -25.552, 2.857, 1.571, 1, 4.9529553645e-07
53, -6.039, 44.339, 0.157, 0, 3.30475736754e-07
53, -6.039, 44.339, 0.157, 1, 3.30149340965e-07
238, -41.951, 4.692, 1.528, 0, 5.92142405613e-07
238, -41.951, 4.692, 1.528, 1, 5.91554087276e-07
113, -16.086, 20.967, 0.901, 0, 4.14510563788e-07
113, -16.086, 20.967, 0.901, 1, 4.12044462269e-07
216, -34.062, -2.057, 1.753, 0, 5.23454225046e-07
216, -34.062, -2.057, 1.753, 1, 5.23194317288e-07
90, 18.794, -46.282, 2.945, 0, 5.18654998069e-07
90, 18.794, -46.282, 2.945, 1, 5.0716264262e-07
196, 30.853, 11.314, 1.074, 0, 2.54580656566e-07
196, 30.853, 11.314, 1.074, 1, 2.53081653682e-07
128, 23.475, -25.306, 2.288, 0, 3.97860348952e-07
128, 23.475, -25.306, 2.288, 1, 3.97662899647e-07
21, -8.825, -53.68, 3.148, 0, 5.73852152674e-07
21, -8.825, -53.68, 3.148, 1, 5.69590874312e-07
20, 7.905, -51.405, 3.153, 0, 5.47329472603e-07
20, 7.905, -51.405, 3.153, 1, 5.46797568354e-07
257, -56.028, 202.187, -5.687, 0, 9.61482102467e-07
257, -56.028, 202.187, -5.687, 1, 9.61482102467e-07
160, 27.095, -16.707, 2.017, 0, 3.69552565984e-07
160, 27.095, -16.707, 2.017, 1, 3.65563284113e-07
57, -12.82, -50.553, 3.058, 0, 5.86601736348e-07
57, -12.82, -50.553, 3.058, 1, 5.77958292296e-07
56, 13.01, -51.997, 3.181, 0, 5.25013671595e-07
56, 13.01, -51.997, 3.181, 1, 5.23454225046e-07
243, 41.488, 23.72, 0.624, 0, 2.33705429567e-07
243, 41.488, 23.72, 0.624, 1, 2.33131214753e-07
86, 11.979, 44.328, 0.012, 0, 3.06247901153e-07
86, 11.979, 44.328, 0.012, 1, 3.06247901153e-07
234, -40.81, -8.142, 1.885, 0, 5.56081715252e-07
234, -40.81, -8.142, 1.885, 1, 5.56081715252e-07
79, -11.051, 17.503, 0.933, 0, 4.31833718092e-07
79, -11.051, 17.503, 0.933, 1, 4.32047285707e-07
139, -22.366, 6.818, 1.432, 0, 4.93429842e-07
139, -22.366, 6.818, 1.432, 1, 4.94161210343e-07
52, 6.035, 41.813, 0.147, 0, 2.91678963171e-07
52, 6.035, 41.813, 0.147, 1, 2.901054131e-07
232, -44.608, -12.214, 2.032, 0, 5.80259181132e-07
232, -44.608, -12.214, 2.032, 1, 5.80259181132e-07
117, -13.763, 33.48, 0.455, 0, 3.88060416115e-07
117, -13.763, 33.48, 0.455, 1, 3.81052980587e-07
218, -35.74, 3.757, 1.621, 0, 5.14315142943e-07
218, -35.74, 3.757, 1.621, 1, 5.15082777485e-07
50, 7.595, 37.069, 0.215, 0, 3.09769752016e-07
50, 7.595, 37.069, 0.215, 1, 3.08238512511e-07
236, -39.629, 0.256, 1.699, 0, 5.74136237898e-07
236, -39.629, 0.256, 1.699, 1, 5.70727215209e-07
130, 22.422, -19.809, 2.108, 0, 3.91868366991e-07
130, 22.422, -19.809, 2.108, 1, 3.91481527537e-07
1, -0.653, -54.595, 3.204, 0, 5.62198614119e-07
1, -0.653, -54.595, 3.204, 1, 5.58306042113e-07
24, 6.204, -41.284, 2.759, 0, 5.42365032942e-07
24, 6.204, -41.284, 2.759, 1, 5.33254157883e-07
221, 38.696, 15.921, 0.955, 0, 2.1751861616e-07
221, 38.696, 15.921, 0.955, 1, 2.15916859046e-07
186, 31.991, -17.75, 2.07, 0, 3.76592238132e-07
186, 31.991, -17.75, 2.07, 1, 3.70725173079e-07
3, -2.34, -43.476, 2.802, 0, 5.44823075307e-07
3, -2.34, -43.476, 2.802, 1, 5.40773349772e-07
60, 10.251, -38.298, 2.769, 0, 5.32889481106e-07
60, 10.251, -38.298, 2.769, 1, 5.31569794427e-07
219, 36.994, 10.021, 1.194, 0, 2.38506671334e-07
219, 36.994, 10.021, 1.194, 1, 2.37104378313e-07
158, 28.127, -23.055, 2.197, 0, 3.89007366862e-07
158, 28.127, -23.055, 2.197, 1, 3.8010602984e-07
2, 0.55, -49.298, 3.075, 0, 5.39953330721e-07
2, 0.55, -49.298, 3.075, 1, 5.34058058623e-07
115, -16.439, 29.244, 0.554, 0, 3.90514428902e-07
115, -16.439, 29.244, 0.554, 1, 3.90321009175e-07
220, -36.796, 8.816, 1.446, 0, 5.14581095068e-07
220, -36.796, 8.816, 1.446, 1, 5.11027007583e-07
18, -1.004, 47.373, 0.142, 0, 3.17885321397e-07
18, -1.004, 47.373, 0.142, 1, 3.15588462138e-07
252, -48.237, 2.938, 1.572, 0, 6.1159922128e-07
252, -48.237, 2.938, 1.572, 1, 6.0064078487e-07
47, -5.252, 25.474, 0.664, 0, 3.71641901993e-07
47, -5.252, 25.474, 0.664, 1, 3.69808444164e-07
141, -20.834, 11.593, 1.289, 0, 4.50345597801e-07
141, -20.834, 11.593, 1.289, 1, 4.46356315931e-07
193, -30.592, 1.801, 1.581, 0, 5.11659651274e-07
193, -30.592, 1.801, 1.581, 1, 5.05663639736e-07
246, -47.722, -16.779, 2.159, 0, 6.07912157733e-07
246, -47.722, -16.779, 2.159, 1, 6.03108901178e-07
207, 37.328, -27.243, 2.292, 0, 4.1202431438e-07
207, 37.328, -27.243, 2.292, 1, 4.12225793263e-07
215, 38.546, -2.728, 1.561, 0, 3.04307659516e-07
215, 38.546, -2.728, 1.561, 1, 3.02395624923e-07
13, -0.941, 19.819, 0.893, 0, 3.3445494468e-07
13, -0.941, 19.819, 0.893, 1, 3.3445494468e-07
163, -26.537, -7.51, 1.847, 0, 4.91286106692e-07
163, -26.537, -7.51, 1.847, 1, 4.87175937492e-07
66, 12.878, -18.18, 2.119, 0, 4.23105652909e-07
66, 12.878, -18.18, 2.119, 1, 4.23105652909e-07
58, 12.505, -46.58, 2.984, 0, 5.11534734367e-07
58, 12.505, -46.58, 2.984, 1, 5.11027007583e-07
241, 43.542, 16.927, 0.881, 0, 2.15195564647e-07
241, 43.542, 16.927, 0.881, 1, 2.14566950534e-07
217, 36.542, 3.168, 1.357, 0, 2.86100012919e-07
217, 36.542, 3.168, 1.357, 1, 2.86100012919e-07
98, 17.446, -20.61, 2.172, 0, 4.02957764675e-07
98, 17.446, -20.61, 2.172, 1, 4.02957764675e-07
122, 23.622, -44.916, 2.828, 0, 5.23194317288e-07
122, 23.622, -44.916, 2.828, 1, 5.22154686255e-07
22, 7.11, -46.343, 3.008, 0, 5.32097669098e-07
22, 7.11, -46.343, 3.008, 1, 5.30250107747e-07
239, 41.849, 11.139, 1.153, 0, 2.25616052442e-07
239, 41.849, 11.139, 1.153, 1, 2.25061985515e-07
255, 48.814, 11.217, 1.178, 0, 2.41285065121e-07
255, 48.814, 11.217, 1.178, 1, 2.38528834011e-07
64, 11.743, -24.907, 2.3, 0, 4.70823911402e-07
64, 11.743, -24.907, 2.3, 1, 4.64221448428e-07
152, 29.047, -38.425, 2.669, 0, 4.4603193493e-07
152, 29.047, -38.425, 2.669, 1, 4.43835815113e-07
213, 36.166, -8.423, 1.766, 0, 3.15241918461e-07
213, 36.166, -8.423, 1.766, 1, 3.14311086024e-07
253, 48.643, 5.271, 1.278, 0, 2.4832473727e-07
253, 48.643, 5.271, 1.278, 1, 2.46898266783e-07
6, 1.885, -26.034, 2.298, 0, 5.01718683219e-07
6, 1.885, -26.034, 2.298, 1, 5.00499735981e-07
182, 34.381, -32.168, 2.472, 0, 4.06987342322e-07
182, 34.381, -32.168, 2.472, 1, 4.06987342322e-07
251, 49.283, -0.376, 1.415, 0, 2.59067591276e-07
251, 49.283, -0.376, 1.415, 1, 2.56275093967e-07
233, 40.928, -10.16, 1.862, 0, 3.10229123868e-07
233, 40.928, -10.16, 1.862, 1, 3.1068849572e-07
96, 16.806, -27.875, 2.401, 0, 4.31164808202e-07
96, 16.806, -27.875, 2.401, 1, 4.31164808202e-07
144, 20.924, 25.277, 0.577, 0, 2.82070435273e-07
144, 20.924, 25.277, 0.577, 1, 2.82070435273e-07
75, -9.575, 6.94, 1.326, 0, 3.90869031735e-07
75, -9.575, 6.94, 1.326, 1, 3.90869031735e-07
107, -16.28, 3.998, 1.499, 0, 4.5937185173e-07
107, -16.28, 3.998, 1.499, 1, 4.5937185173e-07
9, -0.759, -4.375, 1.683, 0, 3.66691565854e-07
9, -0.759, -4.375, 1.683, 1, 3.66691565854e-07
82, 11.968, 30.376, 0.408, 0, 2.70340334743e-07
82, 11.968, 30.376, 0.408, 1, 2.69941406556e-07
39, -6.795, 2.81, 1.467, 0, 4.06987342322e-07
39, -6.795, 2.81, 1.467, 1, 4.07591778969e-07
78, 11.308, 17.891, 0.866, 0, 3.31291726228e-07
78, 11.308, 17.891, 0.866, 1, 3.34229288332e-07
105, -14.922, -5.034, 1.808, 0, 4.57391314316e-07
105, -14.922, -5.034, 1.808, 1, 4.56025287494e-07
146, 22.693, 29.929, 0.38, 0, 2.74436400421e-07
146, 22.693, 29.929, 0.38, 1, 2.7322148276e-07
43, -5.886, 16.536, 1.048, 0, 3.76096600082e-07
43, -5.886, 16.536, 1.048, 1, 3.70721143501e-07
231, 41.945, -15.744, 1.991, 0, 3.49535639023e-07
231, 41.945, -15.744, 1.991, 1, 3.47480554424e-07
237, 42.425, 3.46, 1.286, 0, 2.6978022345e-07
237, 42.425, 3.46, 1.286, 1, 2.66899075433e-07
247, 47.37, -12.401, 1.854, 0, 3.3276050728e-07
247, 47.37, -12.401, 1.854, 1, 3.31944517806e-07
126, 20.664, -32.37, 2.5, 0, 4.4990234426e-07
126, 20.664, -32.37, 2.5, 1, 4.49237463948e-07
229, 40.879, -22.745, 2.163, 0, 3.71363861136e-07
229, 40.879, -22.745, 2.163, 1, 3.67956853235e-07
154, 26.813, -33.107, 2.598, 0, 4.40376422703e-07
154, 26.813, -33.107, 2.598, 1, 4.41017125549e-07
235, 43.975, -2.184, 1.507, 0, 2.91678963171e-07
235, 43.975, -2.184, 1.507, 1, 2.8767356299e-07
28, 6.964, -26.062, 2.364, 0, 4.725727481e-07
28, 6.964, -26.062, 2.364, 1, 4.70936739576e-07
227, 43.097, -27.588, 2.396, 0, 3.83136272231e-07
227, 43.097, -27.588, 2.396, 1, 3.82189321484e-07
180, 35.185, -39.441, 2.68, 0, 4.40199121286e-07
180, 35.185, -39.441, 2.68, 1, 4.41069510058e-07
165, -28.128, -2.681, 1.707, 0, 4.90077233398e-07
165, -28.128, -2.681, 1.707, 1, 4.85725289539e-07
34, 5.39, -8.226, 1.763, 0, 3.76467321225e-07
34, 5.39, -8.226, 1.763, 1, 3.72574749219e-07
77, -9.136, 12.893, 1.158, 0, 3.87977809773e-07
77, -9.136, 12.893, 1.158, 1, 3.87403594959e-07
116, 17.948, 33.397, 0.262, 0, 2.51949342363e-07
116, 17.948, 33.397, 0.262, 1, 2.50474516944e-07
135, -22.081, -5.31, 1.715, 0, 4.68730545814e-07
135, -22.081, -5.31, 1.715, 1, 4.74986465111e-07
38, 7.086, 0.991, 1.434, 0, 3.3512385457e-07
38, 7.086, 0.991, 1.434, 1, 3.36461674348e-07
41, -4.704, 8.751, 1.328, 0, 3.77748726917e-07
41, -4.704, 8.751, 1.328, 1, 3.75687597951e-07
109, -13.511, 10.058, 1.21, 0, 4.04771074616e-07
109, -13.511, 10.058, 1.21, 1, 4.0597994791e-07
133, -22.692, -10.753, 1.969, 0, 4.86472776193e-07
133, -22.692, -10.753, 1.969, 1, 4.81917338663e-07
36, 4.34, -3.499, 1.591, 0, 3.54602832914e-07
36, 4.34, -3.499, 1.591, 1, 3.54602832914e-07
249, 47.043, -7.41, 1.677, 0, 3.12679107077e-07
249, 47.043, -7.41, 1.677, 1, 3.11147867572e-07
94, 14.402, -33.73, 2.739, 0, 4.51010478113e-07
94, 14.402, -33.73, 2.739, 1, 4.49015837178e-07
209, 35.807, -21.016, 2.092, 0, 3.76652681797e-07
209, 35.807, -21.016, 2.092, 1, 3.77023402941e-07
156, 28.348, -28.265, 2.377, 0, 4.16154631468e-07
156, 28.348, -28.265, 2.377, 1, 4.14510563788e-07
211, 37.04, -14.397, 1.937, 0, 3.35381747539e-07
211, 37.04, -14.397, 1.937, 1, 3.35381747539e-07
124, 18.95, -36.97, 2.747, 0, 4.5937185173e-07
124, 18.95, -36.97, 2.747, 1, 4.5937185173e-07
245, 46.72, -19.949, 2.091, 0, 3.42514099974e-07
245, 46.72, -19.949, 2.091, 1, 3.42514099974e-07
184, 32.637, -25.632, 2.274, 0, 4.08901391704e-07
184, 32.637, -25.632, 2.274, 1, 4.02518540712e-07
188, 30.67, -11.448, 1.854, 0, 3.40642361157e-07
188, 30.67, -11.448, 1.854, 1, 3.37799494127e-07
62, 9.697, -30.12, 2.514, 0, 4.63993777291e-07
62, 9.697, -30.12, 2.514, 1, 4.58301998864e-07
12, -1.338, 14.429, 1.052, 0, 3.70108647699e-07
12, -1.338, 14.429, 1.052, 1, 3.68674118057e-07
42, 6.985, 15.42, 1.006, 0, 3.41329404146e-07
42, 6.985, 15.42, 1.006, 1, 3.40007702678e-07
73, -12.109, 1.252, 1.469, 0, 4.64195256173e-07
73, -12.109, 1.252, 1.469, 1, 4.63735884321e-07
72, 11.094, -2.057, 1.524, 0, 3.54514182206e-07
72, 11.094, -2.057, 1.524, 1, 3.46197133943e-07
11, -0.678, 5.662, 1.403, 0, 3.9128810781e-07
11, -0.678, 5.662, 1.403, 1, 3.85485515999e-07
44, 4.042, 19.519, 0.93, 0, 3.29637584604e-07
44, 4.042, 19.519, 0.93, 1, 3.22475010337e-07
137, -19.641, 0.323, 1.614, 0, 4.51979591537e-07
137, -19.641, 0.323, 1.614, 1, 4.49743175943e-07
70, 10.509, -7.09, 1.736, 0, 3.71091864645e-07
70, 10.509, -7.09, 1.736, 1, 3.68708369467e-07
40, 3.345, 11.245, 1.127, 0, 3.79727249542e-07
40, 3.345, 11.245, 1.127, 1, 3.79348469243e-07
84, 13.301, 36.01, 0.275, 0, 2.59194522972e-07
84, 13.301, 36.01, 0.275, 1, 2.54624981921e-07
